Workbook

Sheet Hướng dẫn
A1: BẢNG CÂN BẰNG — TOWER RPG
A3: Bảng này kiểm chứng điều kiện ở mục 5.8 của DESIGN.md. Nó đã tìm ra bốn vấn đề trong thiết kế.
A5: CÁCH DÙNG
A6: 1. Chỉ sửa ô MÀU VÀNG (sheet 'Thông số', cột hệ số ở sheet 'Boss', 4 cột Lõi ở 'Kiểm chứng build').
A7: 2. Đọc kết quả ở 'Kiểm chứng build' và 'Biên theo boss'.
A8: 3. Chỉnh hệ số máu boss đến khi biên của build dàn đều nằm trong dải 1,50–5,15.
A10: MÔ HÌNH
A11: Giây để giết = máu mục tiêu / DPS DPS = SĐ mỗi đòn × tốc độ đánh × hệ số chí mạng TB
A12: Giây để chết = máu hiệu dụng / (SĐ địch × tỉ lệ thực nhận)
A13: Biên an toàn = giây để chết / giây để giết (cần >= 1.30)
A15: BỐN PHÁT HIỆN
A16: (a) Cấp tối đa phải là 60, không phải 50. Năm cổng đột phá tốn 1+2+3+4+5 Lõi chỉ hợp lý nếu mỗi
... A44: KẾT QUẢ HIỆN TẠI
A45: Số build mẫu đạt: | B45: ='Kiểm chứng build'!$B$13
A46: Biên thấp nhất trong 6 build mẫu: | B46: ='Kiểm chứng build'!$B$15

Sheet Thông số
A1: BẢNG CÂN BẰNG — TOWER RPG
A2: Chỉ sửa ô MÀU VÀNG. Ô chữ đen là công thức.
A4: QUÁI THƯỜNG
A5: Tổng máu quái — tầng 1 | B5: 500 | C5: Đặt sao cho tầng 1 mất ~40s, khớp mục 5.1
A6: Tăng máu quái mỗi tầng | B6: 0.0518 | C6: Giải ngược: giá trị lớn nhất giữ được biên tầng thường >= 1.60
A7: Sát thương quái/giây — tầng 1 | B7: 3 | C7: Nếu người chơi đứng yên hoàn toàn
A8: Tăng sát thương quái mỗi tầng | B8: 0.04 | C8: PHẢI thấp hơn tăng máu nhiều — xem Hướng dẫn, phát hiện (b)
A9: Tỉ lệ sát thương thực nhận | B9: 0.5 | C9: Nhờ luật di chuyển ở mục 5.3
A11: NGƯỜI CHƠI — CHỈ SỐ NỀN (trang bị cấp 1)
A12: Sát thương cơ bản | B12: 10
A13: Tốc độ đánh cơ bản (đòn/giây) | B13: 1
A14: Máu cơ bản | B14: 100
A15: Tăng máu nền mỗi tầng đã qua | B15: 0.045 | C15: Nâng từ 3,5%: giữ máu boss tăng đơn điệu tới boss cuối
A17: TĂNG TRƯỞNG MỖI CẤP TRANG BỊ
A18: Vũ khí — sát thương | B18: 0.04403 | C18: =9% chia 2 theo hình học. Nén độ chênh giữa các build từ 11,7x còn 3,9x
A19: Giáp — máu | B19: 0.04403 | C19: Bằng Vũ khí, giữ đối xứng sát thương/sinh tồn
A20: Găng — tốc độ đánh | B20: 0.03441 | C20: =7% chia 2. Tỉ lệ 9:7 được bảo toàn tuyệt đối
A21: Nhẫn — hệ số chí mạng | B21: 0.03441 | C21: Bằng Găng
A23: CHÍ MẠNG — THANH DỒN (mục 5.4)
A24: Hệ số chí mạng gốc | B24: 2 | C24: Nhẫn cấp 1
A25: Số đòn để đầy thanh | B25: 5 | C25: Xác định hoàn toàn, không xác suất
A27: KINH TẾ
A28: Mảnh rơi — tầng 1 | B28: 400
A29: Tăng Mảnh mỗi tầng | B29: 0.09 | C29: Bám theo máu quái để giữ giá trị thực ổn định
A30: Chi phí Mảnh: cấp 1 → 2 | B30: 300
A31: Tăng chi phí mỗi cấp | B31: 0.155 | C31: Đặt sao cho build dàn đều chạm trần đúng quanh tầng 100
A32: Hệ số cày lại (quét nhanh) | B32: 2 | C32: 1.0 = chỉ clear mỗi tầng một lần
A33: Lõi mỗi boss | B33: 3 | C33: Chỉ lần giết đầu tiên
A34: Số boss | B34: 10
A35: TỔNG LÕI CẢ GAME | B35: =B33*B34 | C35: Con số quyết định toàn bộ thiết kế
A37: LUẬT HỆ THỐNG
A38: Cấp tối đa mỗi trang bị | B38: 60 | C38: Tài liệu ghi 50 — mô hình cho thấy phải là 60, xem Hướng dẫn (a)
A39: Số tầng | B39: 100
A40: Biên an toàn tối thiểu để ĐẠT | B40: 1.5 | C40: Dải mục tiêu 1,50-5,80 cho MỌI phân bổ hợp lệ (>=1 Lõi ở cả bốn ô)

Sheet Chi phí nâng cấp
A1: CHI PHÍ NÂNG CẤP & CỔNG ĐỘT PHÁ
A3: Cấp | B3: Mảnh lên cấp kế | C3: Mảnh lũy kế đạt cấp | E3: CỔNG ĐỘT PHÁ
A4: 1 | B4: ='Thông số'!$B$30*(1+'Thông số'!$B$31)^(A4-1) | C4: 0 | E4: Bậc | F4: Lõi cho bậc | G4: Lõi lũy kế | H4: Cấp trần
A5: 2 | B5: ='Thông số'!$B$30*(1+'Thông số'!$B$31)^(A5-1) | C5: =C4+B4 | E5: 0 | F5: 0 | G5: 0 | H5: 10
A6: 3 | B6: ='Thông số'!$B$30*(1+'Thông số'!$B$31)^(A6-1) | C6: =C5+B5 | E6: 1 | F6: 1 | G6: =G5+F6 | H6: 20
A7: 4 | B7: ='Thông số'!$B$30*(1+'Thông số'!$B$31)^(A7-1) | C7: =C6+B6 | E7: 2 | F7: 2 | G7: =G6+F7 | H7: 30
A8: 5 | B8: ='Thông số'!$B$30*(1+'Thông số'!$B$31)^(A8-1) | C8: =C7+B7 | E8: 3 | F8: 3 | G8: =G7+F8 | H8: 40
A9: 6 | B9: ='Thông số'!$B$30*(1+'Thông số'!$B$31)^(A9-1) | C9: =C8+B8 | E9: 4 | F9: 4 | G9: =G8+F9 | H9: 50
A10: 7 | B10: ='Thông số'!$B$30*(1+'Thông số'!$B$31)^(A10-1) | C10: =C9+B9 | E10: 5 | F10: 5 | G10: =G9+F10 | H10: 60
A11: 8 | B11: ='Thông số'!$B$30*(1+'Thông số'!$B$31)^(A11-1) | C11: =C10+B10
A12: 9 | B12: ='Thông số'!$B$30*(1+'Thông số'!$B$31)^(A12-1) | C12: =C11+B11 | E12: Nâng MỘT món lên trần cao nhất | H12: =SUM(F5:F10)
A13: 10 | B13: ='Thông số'!$B$30*(1+'Thông số'!$B$31)^(A13-1) | C13: =C12+B12 | E13: Nâng CẢ BỐN món lên trần cao nhất | H13: =H12*4
A14: 11 | B14: ='Thông số'!$B$30*(1+'Thông số'!$B$31)^(A14-1) | C14: =C13+B13 | E14: Lõi thực có cả game | H14: ='Thông số'!$B$35
A15: 12 | B15: ='Thông số'!$B$30*(1+'Thông số'!$B$31)^(A15-1) | C15: =C14+B14 | E15: Tỉ lệ có thể nâng tối đa | H15: =H14/H13
A16: 13 | B16: ='Thông số'!$B$30*(1+'Thông số'!$B$31)^(A16-1) | C16: =C15+B15 | E16: Tỉ lệ càng thấp thì lựa chọn càng đau — đó là chủ đích.
A17: 14 | B17: ='Thông số'!$B$30*(1+'Thông số'!$B$31)^(A17-1) | C17: =C16+B16
A18: 15 | B18: ='Thông số'!$B$30*(1+'Thông số'!$B$31)^(A18-1) | C18: =C17+B17
A19: 16 | B19: ='Thông số'!$B$30*(1+'Thông số'!$B$31)^(A19-1) | C19: =C18+B18
A20: 17 | B20: ='Thông số'!$B$30*(1+'Thông số'!$B$31)^(A20-1) | C20: =C19+B19
A21: 18 | B21: ='Thông số'!$B$30*(1+'Thông số'!$B$31)^(A21-1) | C21: =C20+B20
A22: 19 | B22: ='Thông số'!$B$30*(1+'Thông số'!$B$31)^(A22-1) | C22: =C21+B21
A23: 20 | B23: ='Thông số'!$B$30*(1+'Thông số'!$B$31)^(A23-1) | C23: =C22+B22
A24: 21 | B24: ='Thông số'!$B$30*(1+'Thông số'!$B$31)^(A24-1) | C24: =C23+B23
A25: 22 | B25: ='Thông số'!$B$30*(1+'Thông số'!$B$31)^(A25-1) | C25: =C24+B24
A26: 23 | B26: ='Thông số'!$B$30*(1+'Thông số'!$B$31)^(A26-1) | C26: =C25+B25
A27: 24 | B27: ='Thông số'!$B$30*(1+'Thông số'!$B$31)^(A27-1) | C27: =C26+B26
A28: 25 | B28: ='Thông số'!$B$30*(1+'Thông số'!$B$31)^(A28-1) | C28: =C27+B27
... A63: 60 | B63: ='Thông số'!$B$30*(1+'Thông số'!$B$31)^(A63-1) | C63: =C62+B62

Sheet Đường cong tầng
A1: ĐƯỜNG CONG THEO TẦNG
A2: Cột 'Cấp' và 'Giây để giết' tính cho build dàn đều 10/6/6/6 — dùng để soi nhịp độ.
A4: Tầng | B4: Máu quái | C4: SĐ quái/giây | D4: Mảnh nhận | E4: Mảnh lũy kế | F4: Lõi lũy kế | G4: Cấp (dàn đều) | H4: Giây để giết
A5: 1 | B5: ='Thông số'!$B$5*(1+'Thông số'!$B$6)^(A5-1) | C5: ='Thông số'!$B$7*(1+'Thông số'!$B$8)^(A5-1) | D5: ='Thông số'!$B$28*(1+'Thông số'!$B$29)^(A5-1) | E5: =D5*'Thông số'!$B$32 | F5: =IF(A5>=10,INT(A5/10)*'Thông số'!$B$33,0) | G5: =MIN(40,MAX(1,INT(1+LOG(1+(E5/4)*'Thông số'!$B$31/'Thông số'!$B$30)/LOG(1+'Thông số'!$B$31)))) | H5: =B5/('Thông số'!$B$12*(1+'Thông số'!$B$18)^(G5-1)*'Thông số'!$B$13*(1+'Thông số'!$B$20)^(G5-1)*(('Thông số'!$B$25-1+'Thông số'!$B$24*(1+'Thông số'!$B$21)^(G5-1))/'Thông số'!$B$25))
A6: 2 | B6: ='Thông số'!$B$5*(1+'Thông số'!$B$6)^(A6-1) | C6: ='Thông số'!$B$7*(1+'Thông số'!$B$8)^(A6-1) | D6: ='Thông số'!$B$28*(1+'Thông số'!$B$29)^(A6-1) | E6: =E5+D6*'Thông số'!$B$32 | F6: =IF(A6>=10,INT(A6/10)*'Thông số'!$B$33,0) | G6: =MIN(40,MAX(1,INT(1+LOG(1+(E6/4)*'Thông số'!$B$31/'Thông số'!$B$30)/LOG(1+'Thông số'!$B$31)))) | H6: =B6/('Thông số'!$B$12*(1+'Thông số'!$B$18)^(G6-1)*'Thông số'!$B$13*(1+'Thông số'!$B$20)^(G6-1)*(('Thông số'!$B$25-1+'Thông số'!$B$24*(1+'Thông số'!$B$21)^(G6-1))/'Thông số'!$B$25))
A7: 3 | B7: ='Thông số'!$B$5*(1+'Thông số'!$B$6)^(A7-1) | C7: ='Thông số'!$B$7*(1+'Thông số'!$B$8)^(A7-1) | D7: ='Thông số'!$B$28*(1+'Thông số'!$B$29)^(A7-1) | E7: =E6+D7*'Thông số'!$B$32 | F7: =IF(A7>=10,INT(A7/10)*'Thông số'!$B$33,0) | G7: =MIN(40,MAX(1,INT(1+LOG(1+(E7/4)*'Thông số'!$B$31/'Thông số'!$B$30)/LOG(1+'Thông số'!$B$31)))) | H7: =B7/('Thông số'!$B$12*(1+'Thông số'!$B$18)^(G7-1)*'Thông số'!$B$13*(1+'Thông số'!$B$20)^(G7-1)*(('Thông số'!$B$25-1+'Thông số'!$B$24*(1+'Thông số'!$B$21)^(G7-1))/'Thông số'!$B$25))
A8: 4 | B8: ='Thông số'!$B$5*(1+'Thông số'!$B$6)^(A8-1) | C8: ='Thông số'!$B$7*(1+'Thông số'!$B$8)^(A8-1) | D8: ='Thông số'!$B$28*(1+'Thông số'!$B$29)^(A8-1) | E8: =E7+D8*'Thông số'!$B$32 | F8: =IF(A8>=10,INT(A8/10)*'Thông số'!$B$33,0) | G8: =MIN(40,MAX(1,INT(1+LOG(1+(E8/4)*'Thông số'!$B$31/'Thông số'!$B$30)/LOG(1+'Thông số'!$B$31)))) | H8: =B8/('Thông số'!$B$12*(1+'Thông số'!$B$18)^(G8-1)*'Thông số'!$B$13*(1+'Thông số'!$B$20)^(G8-1)*(('Thông số'!$B$25-1+'Thông số'!$B$24*(1+'Thông số'!$B$21)^(G8-1))/'Thông số'!$B$25))
A9: 5 | B9: ='Thông số'!$B$5*(1+'Thông số'!$B$6)^(A9-1) | C9: ='Thông số'!$B$7*(1+'Thông số'!$B$8)^(A9-1) | D9: ='Thông số'!$B$28*(1+'Thông số'!$B$29)^(A9-1) | E9: =E8+D9*'Thông số'!$B$32 | F9: =IF(A9>=10,INT(A9/10)*'Thông số'!$B$33,0) | G9: =MIN(40,MAX(1,INT(1+LOG(1+(E9/4)*'Thông số'!$B$31/'Thông số'!$B$30)/LOG(1+'Thông số'!$B$31)))) | H9: =B9/('Thông số'!$B$12*(1+'Thông số'!$B$18)^(G9-1)*'Thông số'!$B$13*(1+'Thông số'!$B$20)^(G9-1)*(('Thông số'!$B$25-1+'Thông số'!$B$24*(1+'Thông số'!$B$21)^(G9-1))/'Thông số'!$B$25))
A10: 6 | B10: ='Thông số'!$B$5*(1+'Thông số'!$B$6)^(A10-1) | C10: ='Thông số'!$B$7*(1+'Thông số'!$B$8)^(A10-1) | D10: ='Thông số'!$B$28*(1+'Thông số'!$B$29)^(A10-1) | E10: =E9+D10*'Thông số'!$B$32 | F10: =IF(A10>=10,INT(A10/10)*'Thông số'!$B$33,0) | G10: =MIN(40,MAX(1,INT(1+LOG(1+(E10/4)*'Thông số'!$B$31/'Thông số'!$B$30)/LOG(1+'Thông số'!$B$31)))) | H10: =B10/('Thông số'!$B$12*(1+'Thông số'!$B$18)^(G10-1)*'Thông số'!$B$13*(1+'Thông số'!$B$20)^(G10-1)*(('Thông số'!$B$25-1+'Thông số'!$B$24*(1+'Thông số'!$B$21)^(G10-1))/'Thông số'!$B$25))
A11: 7 | B11: ='Thông số'!$B$5*(1+'Thông số'!$B$6)^(A11-1) | C11: ='Thông số'!$B$7*(1+'Thông số'!$B$8)^(A11-1) | D11: ='Thông số'!$B$28*(1+'Thông số'!$B$29)^(A11-1) | E11: =E10+D11*'Thông số'!$B$32 | F11: =IF(A11>=10,INT(A11/10)*'Thông số'!$B$33,0) | G11: =MIN(40,MAX(1,INT(1+LOG(1+(E11/4)*'Thông số'!$B$31/'Thông số'!$B$30)/LOG(1+'Thông số'!$B$31)))) | H11: =B11/('Thông số'!$B$12*(1+'Thông số'!$B$18)^(G11-1)*'Thông số'!$B$13*(1+'Thông số'!$B$20)^(G11-1)*(('Thông số'!$B$25-1+'Thông số'!$B$24*(1+'Thông số'!$B$21)^(G11-1))/'Thông số'!$B$25))
A12: 8 | B12: ='Thông số'!$B$5*(1+'Thông số'!$B$6)^(A12-1) | C12: ='Thông số'!$B$7*(1+'Thông số'!$B$8)^(A12-1) | D12: ='Thông số'!$B$28*(1+'Thông số'!$B$29)^(A12-1) | E12: =E11+D12*'Thông số'!$B$32 | F12: =IF(A12>=10,INT(A12/10)*'Thông số'!$B$33,0) | G12: =MIN(40,MAX(1,INT(1+LOG(1+(E12/4)*'Thông số'!$B$31/'Thông số'!$B$30)/LOG(1+'Thông số'!$B$31)))) | H12: =B12/('Thông số'!$B$12*(1+'Thông số'!$B$18)^(G12-1)*'Thông số'!$B$13*(1+'Thông số'!$B$20)^(G12-1)*(('Thông số'!$B$25-1+'Thông số'!$B$24*(1+'Thông số'!$B$21)^(G12-1))/'Thông số'!$B$25))
A13: 9 | B13: ='Thông số'!$B$5*(1+'Thông số'!$B$6)^(A13-1) | C13: ='Thông số'!$B$7*(1+'Thông số'!$B$8)^(A13-1) | D13: ='Thông số'!$B$28*(1+'Thông số'!$B$29)^(A13-1) | E13: =E12+D13*'Thông số'!$B$32 | F13: =IF(A13>=10,INT(A13/10)*'Thông số'!$B$33,0) | G13: =MIN(40,MAX(1,INT(1+LOG(1+(E13/4)*'Thông số'!$B$31/'Thông số'!$B$30)/LOG(1+'Thông số'!$B$31)))) | H13: =B13/('Thông số'!$B$12*(1+'Thông số'!$B$18)^(G13-1)*'Thông số'!$B$13*(1+'Thông số'!$B$20)^(G13-1)*(('Thông số'!$B$25-1+'Thông số'!$B$24*(1+'Thông số'!$B$21)^(G13-1))/'Thông số'!$B$25))
A14: 10 | B14: ='Thông số'!$B$5*(1+'Thông số'!$B$6)^(A14-1) | C14: ='Thông số'!$B$7*(1+'Thông số'!$B$8)^(A14-1) | D14: ='Thông số'!$B$28*(1+'Thông số'!$B$29)^(A14-1) | E14: =E13+D14*'Thông số'!$B$32 | F14: =IF(A14>=10,INT(A14/10)*'Thông số'!$B$33,0) | G14: =MIN(40,MAX(1,INT(1+LOG(1+(E14/4)*'Thông số'!$B$31/'Thông số'!$B$30)/LOG(1+'Thông số'!$B$31)))) | H14: =B14/('Thông số'!$B$12*(1+'Thông số'!$B$18)^(G14-1)*'Thông số'!$B$13*(1+'Thông số'!$B$20)^(G14-1)*(('Thông số'!$B$25-1+'Thông số'!$B$24*(1+'Thông số'!$B$21)^(G14-1))/'Thông số'!$B$25))
A15: 11 | B15: ='Thông số'!$B$5*(1+'Thông số'!$B$6)^(A15-1) | C15: ='Thông số'!$B$7*(1+'Thông số'!$B$8)^(A15-1) | D15: ='Thông số'!$B$28*(1+'Thông số'!$B$29)^(A15-1) | E15: =E14+D15*'Thông số'!$B$32 | F15: =IF(A15>=10,INT(A15/10)*'Thông số'!$B$33,0) | G15: =MIN(40,MAX(1,INT(1+LOG(1+(E15/4)*'Thông số'!$B$31/'Thông số'!$B$30)/LOG(1+'Thông số'!$B$31)))) | H15: =B15/('Thông số'!$B$12*(1+'Thông số'!$B$18)^(G15-1)*'Thông số'!$B$13*(1+'Thông số'!$B$20)^(G15-1)*(('Thông số'!$B$25-1+'Thông số'!$B$24*(1+'Thông số'!$B$21)^(G15-1))/'Thông số'!$B$25))
A16: 12 | B16: ='Thông số'!$B$5*(1+'Thông số'!$B$6)^(A16-1) | C16: ='Thông số'!$B$7*(1+'Thông số'!$B$8)^(A16-1) | D16: ='Thông số'!$B$28*(1+'Thông số'!$B$29)^(A16-1) | E16: =E15+D16*'Thông số'!$B$32 | F16: =IF(A16>=10,INT(A16/10)*'Thông số'!$B$33,0) | G16: =MIN(40,MAX(1,INT(1+LOG(1+(E16/4)*'Thông số'!$B$31/'Thông số'!$B$30)/LOG(1+'Thông số'!$B$31)))) | H16: =B16/('Thông số'!$B$12*(1+'Thông số'!$B$18)^(G16-1)*'Thông số'!$B$13*(1+'Thông số'!$B$20)^(G16-1)*(('Thông số'!$B$25-1+'Thông số'!$B$24*(1+'Thông số'!$B$21)^(G16-1))/'Thông số'!$B$25))
A17: 13 | B17: ='Thông số'!$B$5*(1+'Thông số'!$B$6)^(A17-1) | C17: ='Thông số'!$B$7*(1+'Thông số'!$B$8)^(A17-1) | D17: ='Thông số'!$B$28*(1+'Thông số'!$B$29)^(A17-1) | E17: =E16+D17*'Thông số'!$B$32 | F17: =IF(A17>=10,INT(A17/10)*'Thông số'!$B$33,0) | G17: =MIN(40,MAX(1,INT(1+LOG(1+(E17/4)*'Thông số'!$B$31/'Thông số'!$B$30)/LOG(1+'Thông số'!$B$31)))) | H17: =B17/('Thông số'!$B$12*(1+'Thông số'!$B$18)^(G17-1)*'Thông số'!$B$13*(1+'Thông số'!$B$20)^(G17-1)*(('Thông số'!$B$25-1+'Thông số'!$B$24*(1+'Thông số'!$B$21)^(G17-1))/'Thông số'!$B$25))
... A104: 100 | B104: ='Thông số'!$B$5*(1+'Thông số'!$B$6)^(A104-1) | C104: ='Thông số'!$B$7*(1+'Thông số'!$B$8)^(A104-1) | D104: ='Thông số'!$B$28*(1+'Thông số'!$B$29)^(A104-1) | E104: =E103+D104*'Thông số'!$B$32 | F104: =IF(A104>=10,INT(A104/10)*'Thông số'!$B$33,0) | G104: =MIN(40,MAX(1,INT(1+LOG(1+(E104/4)*'Thông số'!$B$31/'Thông số'!$B$30)/LOG(1+'Thông số'!$B$31)))) | H104: =B104/('Thông số'!$B$12*(1+'Thông số'!$B$18)^(G104-1)*'Thông số'!$B$13*(1+'Thông số'!$B$20)^(G104-1)*(('Thông số'!$B$25-1+'Thông số'!$B$24*(1+'Thông số'!$B$21)^(G104-1))/'Thông số'!$B$25))

Sheet Boss
A1: BOSS — CỔNG CHẶN THẬT SỰ
A2: Boss là nơi độ khó thật nằm. Quái thường sẽ dễ dần (và có quét nhanh) — điều đó chấp nhận được.
A3: Đã chốt. Neo build YẾU NHẤT = 1,50 ở mọi boss; build mạnh nhất chạm 5,15. Tính theo mô hình Mảnh-dùng-chung (ô chạm trần không nhận Mảnh nữa) — xem §5.10.
A5: Boss | B5: Tầng | C5: Hệ số máu boss | D5: Máu boss | E5: SĐ boss/giây | F5: Lõi rơi
A6: 1 | B6: 10 | C6: 1.56 | D6: =INDEX('Đường cong tầng'!$B$5:$B$104,B6)*C6 | E6: =INDEX('Đường cong tầng'!$C$5:$C$104,B6) | F6: ='Thông số'!$B$33
A7: 2 | B7: 20 | C7: 2.2 | D7: =INDEX('Đường cong tầng'!$B$5:$B$104,B7)*C7 | E7: =INDEX('Đường cong tầng'!$C$5:$C$104,B7) | F7: ='Thông số'!$B$33
A8: 3 | B8: 30 | C8: 3.14 | D8: =INDEX('Đường cong tầng'!$B$5:$B$104,B8)*C8 | E8: =INDEX('Đường cong tầng'!$C$5:$C$104,B8) | F8: ='Thông số'!$B$33
A9: 4 | B9: 40 | C9: 4.42 | D9: =INDEX('Đường cong tầng'!$B$5:$B$104,B9)*C9 | E9: =INDEX('Đường cong tầng'!$C$5:$C$104,B9) | F9: ='Thông số'!$B$33
A10: 5 | B10: 50 | C10: 4.62 | D10: =INDEX('Đường cong tầng'!$B$5:$B$104,B10)*C10 | E10: =INDEX('Đường cong tầng'!$C$5:$C$104,B10) | F10: ='Thông số'!$B$33
A11: 6 | B11: 60 | C11: 4.31 | D11: =INDEX('Đường cong tầng'!$B$5:$B$104,B11)*C11 | E11: =INDEX('Đường cong tầng'!$C$5:$C$104,B11) | F11: ='Thông số'!$B$33
A12: 7 | B12: 70 | C12: 4.07 | D12: =INDEX('Đường cong tầng'!$B$5:$B$104,B12)*C12 | E12: =INDEX('Đường cong tầng'!$C$5:$C$104,B12) | F12: ='Thông số'!$B$33
A13: 8 | B13: 80 | C13: 3.45 | D13: =INDEX('Đường cong tầng'!$B$5:$B$104,B13)*C13 | E13: =INDEX('Đường cong tầng'!$C$5:$C$104,B13) | F13: ='Thông số'!$B$33
A14: 9 | B14: 90 | C14: 2.36 | D14: =INDEX('Đường cong tầng'!$B$5:$B$104,B14)*C14 | E14: =INDEX('Đường cong tầng'!$C$5:$C$104,B14) | F14: ='Thông số'!$B$33
A15: 10 | B15: 100 | C15: 1.5 | D15: =INDEX('Đường cong tầng'!$B$5:$B$104,B15)*C15 | E15: =INDEX('Đường cong tầng'!$C$5:$C$104,B15) | F15: ='Thông số'!$B$33
A17: Tổng Lõi từ boss | D17: =SUM(F6:F15) | E17: =IF(D17='Thông số'!$B$35,"khớp Thông số","LỆCH")

Sheet Kiểm chứng build
A1: KIỂM CHỨNG BUILD — TẠI BOSS CUỐI (TẦNG 100)
A2: Gear giả định đã nâng tới trần Lõi cho phép. Sửa 4 cột Lõi (vàng) để thử phân bổ của bạn.
A4: Tên build | B4: Lõi Vũ khí | C4: Lõi Giáp | D4: Lõi Găng | E4: Lõi Nhẫn | F4: Tổng Lõi | G4: Cấp Vũ khí | H4: Cấp Giáp | I4: Cấp Găng | J4: Cấp Nhẫn | K4: SĐ mỗi đòn | L4: Tốc độ đánh | M4: Hệ số CM TB | N4: DPS | O4: Hệ số máu giáp | P4: Máu hiệu dụng | Q4: Máu boss cuối | R4: SĐ boss/giây | S4: Giây để giết | T4: Giây để chết | U4: Biên an toàn | V4: Kết luận
A5: Bền bỉ (Vũ khí + Giáp) | B5: 15 | C5: 15 | D5: 0 | E5: 0 | F5: =SUM(B5:E5) | G5: =INDEX('Chi phí nâng cấp'!$H$5:$H$10,MATCH(B5,'Chi phí nâng cấp'!$G$5:$G$10,1)) | H5: =INDEX('Chi phí nâng cấp'!$H$5:$H$10,MATCH(C5,'Chi phí nâng cấp'!$G$5:$G$10,1)) | I5: =INDEX('Chi phí nâng cấp'!$H$5:$H$10,MATCH(D5,'Chi phí nâng cấp'!$G$5:$G$10,1)) | J5: =INDEX('Chi phí nâng cấp'!$H$5:$H$10,MATCH(E5,'Chi phí nâng cấp'!$G$5:$G$10,1)) | K5: ='Thông số'!$B$12*(1+'Thông số'!$B$18)^(G5-1) | L5: ='Thông số'!$B$13*(1+'Thông số'!$B$20)^(I5-1) | M5: =('Thông số'!$B$25-1+'Thông số'!$B$24*(1+'Thông số'!$B$21)^(J5-1))/'Thông số'!$B$25 | N5: =K5*L5*M5 | O5: =(1+'Thông số'!$B$19)^(H5-1) | P5: ='Thông số'!$B$14*(1+'Thông số'!$B$15)^('Thông số'!$B$39-1)*O5 | Q5: ='Boss'!$D$15 | R5: ='Boss'!$E$15 | S5: =Q5/N5 | T5: =P5/(R5*'Thông số'!$B$9) | U5: =T5/S5 | V5: =IF(F5>'Thông số'!$B$35,"VƯỢT LÕI",IF(U5>='Thông số'!$B$40,"ĐẠT","KHÔNG ĐẠT"))
A6: Bùng nổ (Găng + Nhẫn) | B6: 0 | C6: 0 | D6: 15 | E6: 15 | F6: =SUM(B6:E6) | G6: =INDEX('Chi phí nâng cấp'!$H$5:$H$10,MATCH(B6,'Chi phí nâng cấp'!$G$5:$G$10,1)) | H6: =INDEX('Chi phí nâng cấp'!$H$5:$H$10,MATCH(C6,'Chi phí nâng cấp'!$G$5:$G$10,1)) | I6: =INDEX('Chi phí nâng cấp'!$H$5:$H$10,MATCH(D6,'Chi phí nâng cấp'!$G$5:$G$10,1)) | J6: =INDEX('Chi phí nâng cấp'!$H$5:$H$10,MATCH(E6,'Chi phí nâng cấp'!$G$5:$G$10,1)) | K6: ='Thông số'!$B$12*(1+'Thông số'!$B$18)^(G6-1) | L6: ='Thông số'!$B$13*(1+'Thông số'!$B$20)^(I6-1) | M6: =('Thông số'!$B$25-1+'Thông số'!$B$24*(1+'Thông số'!$B$21)^(J6-1))/'Thông số'!$B$25 | N6: =K6*L6*M6 | O6: =(1+'Thông số'!$B$19)^(H6-1) | P6: ='Thông số'!$B$14*(1+'Thông số'!$B$15)^('Thông số'!$B$39-1)*O6 | Q6: ='Boss'!$D$15 | R6: ='Boss'!$E$15 | S6: =Q6/N6 | T6: =P6/(R6*'Thông số'!$B$9) | U6: =T6/S6 | V6: =IF(F6>'Thông số'!$B$35,"VƯỢT LÕI",IF(U6>='Thông số'!$B$40,"ĐẠT","KHÔNG ĐẠT"))
A7: Dàn đều bốn món | B7: 10 | C7: 6 | D7: 6 | E7: 6 | F7: =SUM(B7:E7) | G7: =INDEX('Chi phí nâng cấp'!$H$5:$H$10,MATCH(B7,'Chi phí nâng cấp'!$G$5:$G$10,1)) | H7: =INDEX('Chi phí nâng cấp'!$H$5:$H$10,MATCH(C7,'Chi phí nâng cấp'!$G$5:$G$10,1)) | I7: =INDEX('Chi phí nâng cấp'!$H$5:$H$10,MATCH(D7,'Chi phí nâng cấp'!$G$5:$G$10,1)) | J7: =INDEX('Chi phí nâng cấp'!$H$5:$H$10,MATCH(E7,'Chi phí nâng cấp'!$G$5:$G$10,1)) | K7: ='Thông số'!$B$12*(1+'Thông số'!$B$18)^(G7-1) | L7: ='Thông số'!$B$13*(1+'Thông số'!$B$20)^(I7-1) | M7: =('Thông số'!$B$25-1+'Thông số'!$B$24*(1+'Thông số'!$B$21)^(J7-1))/'Thông số'!$B$25 | N7: =K7*L7*M7 | O7: =(1+'Thông số'!$B$19)^(H7-1) | P7: ='Thông số'!$B$14*(1+'Thông số'!$B$15)^('Thông số'!$B$39-1)*O7 | Q7: ='Boss'!$D$15 | R7: ='Boss'!$E$15 | S7: =Q7/N7 | T7: =P7/(R7*'Thông số'!$B$9) | U7: =T7/S7 | V7: =IF(F7>'Thông số'!$B$35,"VƯỢT LÕI",IF(U7>='Thông số'!$B$40,"ĐẠT","KHÔNG ĐẠT"))
A8: Sát thương thuần | B8: 15 | C8: 0 | D8: 15 | E8: 0 | F8: =SUM(B8:E8) | G8: =INDEX('Chi phí nâng cấp'!$H$5:$H$10,MATCH(B8,'Chi phí nâng cấp'!$G$5:$G$10,1)) | H8: =INDEX('Chi phí nâng cấp'!$H$5:$H$10,MATCH(C8,'Chi phí nâng cấp'!$G$5:$G$10,1)) | I8: =INDEX('Chi phí nâng cấp'!$H$5:$H$10,MATCH(D8,'Chi phí nâng cấp'!$G$5:$G$10,1)) | J8: =INDEX('Chi phí nâng cấp'!$H$5:$H$10,MATCH(E8,'Chi phí nâng cấp'!$G$5:$G$10,1)) | K8: ='Thông số'!$B$12*(1+'Thông số'!$B$18)^(G8-1) | L8: ='Thông số'!$B$13*(1+'Thông số'!$B$20)^(I8-1) | M8: =('Thông số'!$B$25-1+'Thông số'!$B$24*(1+'Thông số'!$B$21)^(J8-1))/'Thông số'!$B$25 | N8: =K8*L8*M8 | O8: =(1+'Thông số'!$B$19)^(H8-1) | P8: ='Thông số'!$B$14*(1+'Thông số'!$B$15)^('Thông số'!$B$39-1)*O8 | Q8: ='Boss'!$D$15 | R8: ='Boss'!$E$15 | S8: =Q8/N8 | T8: =P8/(R8*'Thông số'!$B$9) | U8: =T8/S8 | V8: =IF(F8>'Thông số'!$B$35,"VƯỢT LÕI",IF(U8>='Thông số'!$B$40,"ĐẠT","KHÔNG ĐẠT"))
A9: Thủ + chí mạng | B9: 0 | C9: 15 | D9: 0 | E9: 15 | F9: =SUM(B9:E9) | G9: =INDEX('Chi phí nâng cấp'!$H$5:$H$10,MATCH(B9,'Chi phí nâng cấp'!$G$5:$G$10,1)) | H9: =INDEX('Chi phí nâng cấp'!$H$5:$H$10,MATCH(C9,'Chi phí nâng cấp'!$G$5:$G$10,1)) | I9: =INDEX('Chi phí nâng cấp'!$H$5:$H$10,MATCH(D9,'Chi phí nâng cấp'!$G$5:$G$10,1)) | J9: =INDEX('Chi phí nâng cấp'!$H$5:$H$10,MATCH(E9,'Chi phí nâng cấp'!$G$5:$G$10,1)) | K9: ='Thông số'!$B$12*(1+'Thông số'!$B$18)^(G9-1) | L9: ='Thông số'!$B$13*(1+'Thông số'!$B$20)^(I9-1) | M9: =('Thông số'!$B$25-1+'Thông số'!$B$24*(1+'Thông số'!$B$21)^(J9-1))/'Thông số'!$B$25 | N9: =K9*L9*M9 | O9: =(1+'Thông số'!$B$19)^(H9-1) | P9: ='Thông số'!$B$14*(1+'Thông số'!$B$15)^('Thông số'!$B$39-1)*O9 | Q9: ='Boss'!$D$15 | R9: ='Boss'!$E$15 | S9: =Q9/N9 | T9: =P9/(R9*'Thông số'!$B$9) | U9: =T9/S9 | V9: =IF(F9>'Thông số'!$B$35,"VƯỢT LÕI",IF(U9>='Thông số'!$B$40,"ĐẠT","KHÔNG ĐẠT"))
A10: Chuyên vũ khí, thủ vừa | B10: 15 | C10: 10 | D10: 3 | E10: 1 | F10: =SUM(B10:E10) | G10: =INDEX('Chi phí nâng cấp'!$H$5:$H$10,MATCH(B10,'Chi phí nâng cấp'!$G$5:$G$10,1)) | H10: =INDEX('Chi phí nâng cấp'!$H$5:$H$10,MATCH(C10,'Chi phí nâng cấp'!$G$5:$G$10,1)) | I10: =INDEX('Chi phí nâng cấp'!$H$5:$H$10,MATCH(D10,'Chi phí nâng cấp'!$G$5:$G$10,1)) | J10: =INDEX('Chi phí nâng cấp'!$H$5:$H$10,MATCH(E10,'Chi phí nâng cấp'!$G$5:$G$10,1)) | K10: ='Thông số'!$B$12*(1+'Thông số'!$B$18)^(G10-1) | L10: ='Thông số'!$B$13*(1+'Thông số'!$B$20)^(I10-1) | M10: =('Thông số'!$B$25-1+'Thông số'!$B$24*(1+'Thông số'!$B$21)^(J10-1))/'Thông số'!$B$25 | N10: =K10*L10*M10 | O10: =(1+'Thông số'!$B$19)^(H10-1) | P10: ='Thông số'!$B$14*(1+'Thông số'!$B$15)^('Thông số'!$B$39-1)*O10 | Q10: ='Boss'!$D$15 | R10: ='Boss'!$E$15 | S10: =Q10/N10 | T10: =P10/(R10*'Thông số'!$B$9) | U10: =T10/S10 | V10: =IF(F10>'Thông số'!$B$35,"VƯỢT LÕI",IF(U10>='Thông số'!$B$40,"ĐẠT","KHÔNG ĐẠT"))
A13: Số build ĐẠT | B13: =COUNTIF(V5:V10,"ĐẠT")
A14: Tổng build thử | B14: =COUNTA(A5:A10)
A15: Biên thấp nhất | B15: =MIN(U5:U10)
A16: ĐIỀU KIỆN 5.8 (bản sửa) | B16: =IF(COUNTIFS(B5:B10,">0",C5:C10,">0",D5:D10,">0",E5:E10,">0",V5:V10,"KHÔNG ĐẠT")=0,"THỎA MÃN - mọi build đầu tư cả bốn ô đều qua","VI PHẠM - xem dòng KHÔNG ĐẠT")

Sheet Biên theo boss
A1: BIÊN AN TOÀN TẠI TỪNG BOSS — TÌM CHỖ GÃY
A2: Ô nhỏ hơn biên tối thiểu = build đó tắc ở boss này.
A4: Boss / Tầng | B4: Bền bỉ (Vũ khí + Giáp) | C4: Bùng nổ (Găng + Nhẫn) | D4: Dàn đều bốn món | E4: Sát thương thuần | F4: Thủ + chí mạng | G4: Chuyên vũ khí, thủ vừa
A5: =Boss!$B$6 | B5: =(('Thông số'!$B$14*(1+'Thông số'!$B$15)^($A5-1)*'Kiểm chứng build'!$O$5)/(Boss!$E$6*'Thông số'!$B$9))/((Boss!$D$6)/'Kiểm chứng build'!$N$5) | C5: =(('Thông số'!$B$14*(1+'Thông số'!$B$15)^($A5-1)*'Kiểm chứng build'!$O$6)/(Boss!$E$6*'Thông số'!$B$9))/((Boss!$D$6)/'Kiểm chứng build'!$N$6) | D5: =(('Thông số'!$B$14*(1+'Thông số'!$B$15)^($A5-1)*'Kiểm chứng build'!$O$7)/(Boss!$E$6*'Thông số'!$B$9))/((Boss!$D$6)/'Kiểm chứng build'!$N$7) | E5: =(('Thông số'!$B$14*(1+'Thông số'!$B$15)^($A5-1)*'Kiểm chứng build'!$O$8)/(Boss!$E$6*'Thông số'!$B$9))/((Boss!$D$6)/'Kiểm chứng build'!$N$8) | F5: =(('Thông số'!$B$14*(1+'Thông số'!$B$15)^($A5-1)*'Kiểm chứng build'!$O$9)/(Boss!$E$6*'Thông số'!$B$9))/((Boss!$D$6)/'Kiểm chứng build'!$N$9) | G5: =(('Thông số'!$B$14*(1+'Thông số'!$B$15)^($A5-1)*'Kiểm chứng build'!$O$10)/(Boss!$E$6*'Thông số'!$B$9))/((Boss!$D$6)/'Kiểm chứng build'!$N$10)
A6: =Boss!$B$7 | B6: =(('Thông số'!$B$14*(1+'Thông số'!$B$15)^($A6-1)*'Kiểm chứng build'!$O$5)/(Boss!$E$7*'Thông số'!$B$9))/((Boss!$D$7)/'Kiểm chứng build'!$N$5) | C6: =(('Thông số'!$B$14*(1+'Thông số'!$B$15)^($A6-1)*'Kiểm chứng build'!$O$6)/(Boss!$E$7*'Thông số'!$B$9))/((Boss!$D$7)/'Kiểm chứng build'!$N$6) | D6: =(('Thông số'!$B$14*(1+'Thông số'!$B$15)^($A6-1)*'Kiểm chứng build'!$O$7)/(Boss!$E$7*'Thông số'!$B$9))/((Boss!$D$7)/'Kiểm chứng build'!$N$7) | E6: =(('Thông số'!$B$14*(1+'Thông số'!$B$15)^($A6-1)*'Kiểm chứng build'!$O$8)/(Boss!$E$7*'Thông số'!$B$9))/((Boss!$D$7)/'Kiểm chứng build'!$N$8) | F6: =(('Thông số'!$B$14*(1+'Thông số'!$B$15)^($A6-1)*'Kiểm chứng build'!$O$9)/(Boss!$E$7*'Thông số'!$B$9))/((Boss!$D$7)/'Kiểm chứng build'!$N$9) | G6: =(('Thông số'!$B$14*(1+'Thông số'!$B$15)^($A6-1)*'Kiểm chứng build'!$O$10)/(Boss!$E$7*'Thông số'!$B$9))/((Boss!$D$7)/'Kiểm chứng build'!$N$10)
A7: =Boss!$B$8 | B7: =(('Thông số'!$B$14*(1+'Thông số'!$B$15)^($A7-1)*'Kiểm chứng build'!$O$5)/(Boss!$E$8*'Thông số'!$B$9))/((Boss!$D$8)/'Kiểm chứng build'!$N$5) | C7: =(('Thông số'!$B$14*(1+'Thông số'!$B$15)^($A7-1)*'Kiểm chứng build'!$O$6)/(Boss!$E$8*'Thông số'!$B$9))/((Boss!$D$8)/'Kiểm chứng build'!$N$6) | D7: =(('Thông số'!$B$14*(1+'Thông số'!$B$15)^($A7-1)*'Kiểm chứng build'!$O$7)/(Boss!$E$8*'Thông số'!$B$9))/((Boss!$D$8)/'Kiểm chứng build'!$N$7) | E7: =(('Thông số'!$B$14*(1+'Thông số'!$B$15)^($A7-1)*'Kiểm chứng build'!$O$8)/(Boss!$E$8*'Thông số'!$B$9))/((Boss!$D$8)/'Kiểm chứng build'!$N$8) | F7: =(('Thông số'!$B$14*(1+'Thông số'!$B$15)^($A7-1)*'Kiểm chứng build'!$O$9)/(Boss!$E$8*'Thông số'!$B$9))/((Boss!$D$8)/'Kiểm chứng build'!$N$9) | G7: =(('Thông số'!$B$14*(1+'Thông số'!$B$15)^($A7-1)*'Kiểm chứng build'!$O$10)/(Boss!$E$8*'Thông số'!$B$9))/((Boss!$D$8)/'Kiểm chứng build'!$N$10)
A8: =Boss!$B$9 | B8: =(('Thông số'!$B$14*(1+'Thông số'!$B$15)^($A8-1)*'Kiểm chứng build'!$O$5)/(Boss!$E$9*'Thông số'!$B$9))/((Boss!$D$9)/'Kiểm chứng build'!$N$5) | C8: =(('Thông số'!$B$14*(1+'Thông số'!$B$15)^($A8-1)*'Kiểm chứng build'!$O$6)/(Boss!$E$9*'Thông số'!$B$9))/((Boss!$D$9)/'Kiểm chứng build'!$N$6) | D8: =(('Thông số'!$B$14*(1+'Thông số'!$B$15)^($A8-1)*'Kiểm chứng build'!$O$7)/(Boss!$E$9*'Thông số'!$B$9))/((Boss!$D$9)/'Kiểm chứng build'!$N$7) | E8: =(('Thông số'!$B$14*(1+'Thông số'!$B$15)^($A8-1)*'Kiểm chứng build'!$O$8)/(Boss!$E$9*'Thông số'!$B$9))/((Boss!$D$9)/'Kiểm chứng build'!$N$8) | F8: =(('Thông số'!$B$14*(1+'Thông số'!$B$15)^($A8-1)*'Kiểm chứng build'!$O$9)/(Boss!$E$9*'Thông số'!$B$9))/((Boss!$D$9)/'Kiểm chứng build'!$N$9) | G8: =(('Thông số'!$B$14*(1+'Thông số'!$B$15)^($A8-1)*'Kiểm chứng build'!$O$10)/(Boss!$E$9*'Thông số'!$B$9))/((Boss!$D$9)/'Kiểm chứng build'!$N$10)
A9: =Boss!$B$10 | B9: =(('Thông số'!$B$14*(1+'Thông số'!$B$15)^($A9-1)*'Kiểm chứng build'!$O$5)/(Boss!$E$10*'Thông số'!$B$9))/((Boss!$D$10)/'Kiểm chứng build'!$N$5) | C9: =(('Thông số'!$B$14*(1+'Thông số'!$B$15)^($A9-1)*'Kiểm chứng build'!$O$6)/(Boss!$E$10*'Thông số'!$B$9))/((Boss!$D$10)/'Kiểm chứng build'!$N$6) | D9: =(('Thông số'!$B$14*(1+'Thông số'!$B$15)^($A9-1)*'Kiểm chứng build'!$O$7)/(Boss!$E$10*'Thông số'!$B$9))/((Boss!$D$10)/'Kiểm chứng build'!$N$7) | E9: =(('Thông số'!$B$14*(1+'Thông số'!$B$15)^($A9-1)*'Kiểm chứng build'!$O$8)/(Boss!$E$10*'Thông số'!$B$9))/((Boss!$D$10)/'Kiểm chứng build'!$N$8) | F9: =(('Thông số'!$B$14*(1+'Thông số'!$B$15)^($A9-1)*'Kiểm chứng build'!$O$9)/(Boss!$E$10*'Thông số'!$B$9))/((Boss!$D$10)/'Kiểm chứng build'!$N$9) | G9: =(('Thông số'!$B$14*(1+'Thông số'!$B$15)^($A9-1)*'Kiểm chứng build'!$O$10)/(Boss!$E$10*'Thông số'!$B$9))/((Boss!$D$10)/'Kiểm chứng build'!$N$10)
A10: =Boss!$B$11 | B10: =(('Thông số'!$B$14*(1+'Thông số'!$B$15)^($A10-1)*'Kiểm chứng build'!$O$5)/(Boss!$E$11*'Thông số'!$B$9))/((Boss!$D$11)/'Kiểm chứng build'!$N$5) | C10: =(('Thông số'!$B$14*(1+'Thông số'!$B$15)^($A10-1)*'Kiểm chứng build'!$O$6)/(Boss!$E$11*'Thông số'!$B$9))/((Boss!$D$11)/'Kiểm chứng build'!$N$6) | D10: =(('Thông số'!$B$14*(1+'Thông số'!$B$15)^($A10-1)*'Kiểm chứng build'!$O$7)/(Boss!$E$11*'Thông số'!$B$9))/((Boss!$D$11)/'Kiểm chứng build'!$N$7) | E10: =(('Thông số'!$B$14*(1+'Thông số'!$B$15)^($A10-1)*'Kiểm chứng build'!$O$8)/(Boss!$E$11*'Thông số'!$B$9))/((Boss!$D$11)/'Kiểm chứng build'!$N$8) | F10: =(('Thông số'!$B$14*(1+'Thông số'!$B$15)^($A10-1)*'Kiểm chứng build'!$O$9)/(Boss!$E$11*'Thông số'!$B$9))/((Boss!$D$11)/'Kiểm chứng build'!$N$9) | G10: =(('Thông số'!$B$14*(1+'Thông số'!$B$15)^($A10-1)*'Kiểm chứng build'!$O$10)/(Boss!$E$11*'Thông số'!$B$9))/((Boss!$D$11)/'Kiểm chứng build'!$N$10)
A11: =Boss!$B$12 | B11: =(('Thông số'!$B$14*(1+'Thông số'!$B$15)^($A11-1)*'Kiểm chứng build'!$O$5)/(Boss!$E$12*'Thông số'!$B$9))/((Boss!$D$12)/'Kiểm chứng build'!$N$5) | C11: =(('Thông số'!$B$14*(1+'Thông số'!$B$15)^($A11-1)*'Kiểm chứng build'!$O$6)/(Boss!$E$12*'Thông số'!$B$9))/((Boss!$D$12)/'Kiểm chứng build'!$N$6) | D11: =(('Thông số'!$B$14*(1+'Thông số'!$B$15)^($A11-1)*'Kiểm chứng build'!$O$7)/(Boss!$E$12*'Thông số'!$B$9))/((Boss!$D$12)/'Kiểm chứng build'!$N$7) | E11: =(('Thông số'!$B$14*(1+'Thông số'!$B$15)^($A11-1)*'Kiểm chứng build'!$O$8)/(Boss!$E$12*'Thông số'!$B$9))/((Boss!$D$12)/'Kiểm chứng build'!$N$8) | F11: =(('Thông số'!$B$14*(1+'Thông số'!$B$15)^($A11-1)*'Kiểm chứng build'!$O$9)/(Boss!$E$12*'Thông số'!$B$9))/((Boss!$D$12)/'Kiểm chứng build'!$N$9) | G11: =(('Thông số'!$B$14*(1+'Thông số'!$B$15)^($A11-1)*'Kiểm chứng build'!$O$10)/(Boss!$E$12*'Thông số'!$B$9))/((Boss!$D$12)/'Kiểm chứng build'!$N$10)
A12: =Boss!$B$13 | B12: =(('Thông số'!$B$14*(1+'Thông số'!$B$15)^($A12-1)*'Kiểm chứng build'!$O$5)/(Boss!$E$13*'Thông số'!$B$9))/((Boss!$D$13)/'Kiểm chứng build'!$N$5) | C12: =(('Thông số'!$B$14*(1+'Thông số'!$B$15)^($A12-1)*'Kiểm chứng build'!$O$6)/(Boss!$E$13*'Thông số'!$B$9))/((Boss!$D$13)/'Kiểm chứng build'!$N$6) | D12: =(('Thông số'!$B$14*(1+'Thông số'!$B$15)^($A12-1)*'Kiểm chứng build'!$O$7)/(Boss!$E$13*'Thông số'!$B$9))/((Boss!$D$13)/'Kiểm chứng build'!$N$7) | E12: =(('Thông số'!$B$14*(1+'Thông số'!$B$15)^($A12-1)*'Kiểm chứng build'!$O$8)/(Boss!$E$13*'Thông số'!$B$9))/((Boss!$D$13)/'Kiểm chứng build'!$N$8) | F12: =(('Thông số'!$B$14*(1+'Thông số'!$B$15)^($A12-1)*'Kiểm chứng build'!$O$9)/(Boss!$E$13*'Thông số'!$B$9))/((Boss!$D$13)/'Kiểm chứng build'!$N$9) | G12: =(('Thông số'!$B$14*(1+'Thông số'!$B$15)^($A12-1)*'Kiểm chứng build'!$O$10)/(Boss!$E$13*'Thông số'!$B$9))/((Boss!$D$13)/'Kiểm chứng build'!$N$10)
A13: =Boss!$B$14 | B13: =(('Thông số'!$B$14*(1+'Thông số'!$B$15)^($A13-1)*'Kiểm chứng build'!$O$5)/(Boss!$E$14*'Thông số'!$B$9))/((Boss!$D$14)/'Kiểm chứng build'!$N$5) | C13: =(('Thông số'!$B$14*(1+'Thông số'!$B$15)^($A13-1)*'Kiểm chứng build'!$O$6)/(Boss!$E$14*'Thông số'!$B$9))/((Boss!$D$14)/'Kiểm chứng build'!$N$6) | D13: =(('Thông số'!$B$14*(1+'Thông số'!$B$15)^($A13-1)*'Kiểm chứng build'!$O$7)/(Boss!$E$14*'Thông số'!$B$9))/((Boss!$D$14)/'Kiểm chứng build'!$N$7) | E13: =(('Thông số'!$B$14*(1+'Thông số'!$B$15)^($A13-1)*'Kiểm chứng build'!$O$8)/(Boss!$E$14*'Thông số'!$B$9))/((Boss!$D$14)/'Kiểm chứng build'!$N$8) | F13: =(('Thông số'!$B$14*(1+'Thông số'!$B$15)^($A13-1)*'Kiểm chứng build'!$O$9)/(Boss!$E$14*'Thông số'!$B$9))/((Boss!$D$14)/'Kiểm chứng build'!$N$9) | G13: =(('Thông số'!$B$14*(1+'Thông số'!$B$15)^($A13-1)*'Kiểm chứng build'!$O$10)/(Boss!$E$14*'Thông số'!$B$9))/((Boss!$D$14)/'Kiểm chứng build'!$N$10)
A14: =Boss!$B$15 | B14: =(('Thông số'!$B$14*(1+'Thông số'!$B$15)^($A14-1)*'Kiểm chứng build'!$O$5)/(Boss!$E$15*'Thông số'!$B$9))/((Boss!$D$15)/'Kiểm chứng build'!$N$5) | C14: =(('Thông số'!$B$14*(1+'Thông số'!$B$15)^($A14-1)*'Kiểm chứng build'!$O$6)/(Boss!$E$15*'Thông số'!$B$9))/((Boss!$D$15)/'Kiểm chứng build'!$N$6) | D14: =(('Thông số'!$B$14*(1+'Thông số'!$B$15)^($A14-1)*'Kiểm chứng build'!$O$7)/(Boss!$E$15*'Thông số'!$B$9))/((Boss!$D$15)/'Kiểm chứng build'!$N$7) | E14: =(('Thông số'!$B$14*(1+'Thông số'!$B$15)^($A14-1)*'Kiểm chứng build'!$O$8)/(Boss!$E$15*'Thông số'!$B$9))/((Boss!$D$15)/'Kiểm chứng build'!$N$8) | F14: =(('Thông số'!$B$14*(1+'Thông số'!$B$15)^($A14-1)*'Kiểm chứng build'!$O$9)/(Boss!$E$15*'Thông số'!$B$9))/((Boss!$D$15)/'Kiểm chứng build'!$N$9) | G14: =(('Thông số'!$B$14*(1+'Thông số'!$B$15)^($A14-1)*'Kiểm chứng build'!$O$10)/(Boss!$E$15*'Thông số'!$B$9))/((Boss!$D$15)/'Kiểm chứng build'!$N$10)
A16: Boss đạt | B16: =COUNTIF(B5:B14,">="&'Thông số'!$B$40)&" / 10" | C16: =COUNTIF(C5:C14,">="&'Thông số'!$B$40)&" / 10" | D16: =COUNTIF(D5:D14,">="&'Thông số'!$B$40)&" / 10" | E16: =COUNTIF(E5:E14,">="&'Thông số'!$B$40)&" / 10" | F16: =COUNTIF(F5:F14,">="&'Thông số'!$B$40)&" / 10" | G16: =COUNTIF(G5:G14,">="&'Thông số'!$B$40)&" / 10"
